yeosangology,avocado,spread,tortilla,
13gaemmiegyu,mag,nolia,ba,yan,masarap,kasi,yung,avocado,macchiato,nila,
sickamami,https,t.co,dr3ajfqwr9,
avocado_sister_,https,t.co,mrscnlqvlo,
mute,simply,love,seeing,guy,holding,fish,avi,saying,california,definitely,avocado,toast,8th,time,
rt,nuditea,saw,bird,breathing,feebly,sidewalk,amp,mind,racing,place,totally,bizarre,plumage,amp,crept,amp,bega,
dumblosh,avocado,milosh,real,
dang,it’s,tie,time,get,stitches,thumb,chopping,sweet,potatoes,drunk,2,mo,https,t.co,gw9dqmizsq,
rt,conanxcone,eu,querendo,fazer,unf,spree,então,se,vc,é,neighbourhood,stan,conan,gray,stan,indie,geral,avocado,exol,shaw,
rt,massi3112,<U+30A4><U+30BF><U+30EA><U+30A2>,<U+8A9E>,<U+3067>,<U+306E>,<U+91CE><U+83DC>,pomodoro,melanzana,avocado,broccoli,cetriolo,peperoncino,pannocchia,di,mais,carota,aglio,cipolla,patat,
rt,barackobama,kobe,legend,court,just,getting,started,just,meaningful,second,act,lose,g,
favorite,thing,avocado,whenever,bring,men,sexually,assaulted,seems,always,tha,https,t.co,wyryybrze9,
avocado_plum,<U+3054>,<U+5FDC><U+52DF>,<U+3042><U+308A><U+304C><U+3068><U+3046>,<U+3054>,<U+3056>,<U+3044>,<U+307E><U+3059>,<U+6C17>,<U+306B>,<U+306A><U+308B>,<U+62BD><U+9078>,<U+306E>,<U+7D50><U+679C>,<U+306F>,<U+52D5><U+753B>,<U+306E>,<U+6700><U+5F8C>,<U+306B>,<U+767A><U+8868>,<U+5F53><U+9078>,<U+8005>,<U+306B>,<U+306F>,dm,<U+3092>,<U+304A><U+9001><U+308A>,<U+3057>,<U+307E><U+3059>,<U+306E>,<U+3069>,<U+76F4><U+611F>,<U+30A4><U+30F3><U+30D1><U+30AF><U+30C8>,<U+30AD><U+30E3><U+30F3><U+30DA><U+30FC><U+30F3>,<U+306F>,<U+671F><U+9593>,<U+4E2D>,<U+6BCE><U+65E5>,<U+5FDC><U+52DF>,<U+3067><U+304D>,<U+307E><U+3059>,<U+9A5A><U+304D>,<U+306E>,<U+4F53><U+611F>,<U+306E>,<U+3069>,<U+98F4>,<U+30C9>,https,t.co,o9drrtqpq2,
katharinegk,really,vastly,easier,build,housing,job,rich,areas,attempt,forcibly,relocate,https,t.co,s1aciiirbs,
rt,kanro_pr,<U+3042><U+3068>,2,<U+65E5>,<U+305D><U+306E>,<U+5834>,<U+3067>,<U+5F53><U+305F><U+308B>,<U+306E>,<U+3069>,<U+76F4><U+611F>,<U+30A4><U+30F3><U+30D1><U+30AF><U+30C8>,<U+30AD><U+30E3><U+30F3><U+30DA><U+30FC><U+30F3>,<U+7B2C>,3,<U+5F3E>,<U+30C9><U+30AF><U+30BF><U+30FC>,<U+30D7><U+30E9><U+30B9>,<U+306E>,<U+3069>,<U+76F4><U+611F>,<U+3059><U+3063><U+304D><U+308A>,<U+98F4>,<U+3058><U+3093>,<U+308F><U+308A>,<U+98F4>,<U+3092>,<U+5404>,1,<U+888B>,<U+8A08>,2,<U+888B>,<U+3092>,<U+30AD><U+30E3><U+30F3><U+30DA><U+30FC><U+30F3>,<U+671F><U+9593>,<U+4E2D>,<U+5408><U+8A08>,750,<U+69D8>,<U+306B>,kanro_pr,<U+3092>,<U+30D5><U+30A9><U+30ED><U+30FC>,<U+3053><U+306E>,<U+6295><U+7A3F>,<U+3092>,1,27,
rt,greatfoodlover,bacon,egg,avocado,bacon,egg,avocado,food,sandwitchporn,foodies,food,https,t.co,89ffxnruoe,
rt,nuditea,saw,bird,breathing,feebly,sidewalk,amp,mind,racing,place,totally,bizarre,plumage,amp,crept,amp,bega,
avocado_plum,<U+3055><U+307E>,<U+3086><U+3046>,<U+3061><U+3087>,pay,<U+30AD><U+30E3><U+30F3><U+30DA><U+30FC><U+30F3>,<U+306B>,<U+53C2><U+52A0>,<U+3057>,<U+3066><U+304F>,<U+308C>,<U+3066>,<U+3042><U+308A><U+304C><U+3068><U+3046>,<U+7D50><U+679C>,<U+306F>,<U+30CF><U+30BA><U+30EC>,<U+3067><U+3082>,<U+6BCE><U+65E5>,<U+6311><U+6226>,<U+3067><U+304D><U+308B>,<U+306E><U+3067>,<U+307E><U+305F>,<U+660E><U+65E5>,<U+30C1><U+30E3><U+30EC><U+30F3><U+30B8>,<U+3057>,<U+3066>,<U+306D>,<U+9858>,<U+3048>,<U+3070>,<U+53F6><U+3046>,<U+3086><U+3046>,<U+3061><U+3087>,pay,<U+306E>,<U+9B45><U+529B>,<U+306B>,<U+8FEB><U+308B>,https,t.co,ngp6sfqbi2,
rt,yucho_pay,27,<U+306B>,<U+3061>,<U+3081>,31,<U+65E5><U+9593>,<U+3086><U+3046>,<U+3061><U+3087>,pay,<U+516C><U+5F0F>,twitter,<U+30D5><U+30A9><U+30ED><U+30FC>,amp,<U+30EA><U+30C4><U+30A4><U+30FC><U+30C8>,<U+30AD><U+30E3><U+30F3><U+30DA><U+30FC><U+30F3>,<U+7B2C>,2,<U+5F3E>,<U+5B9F><U+65BD>,<U+4E2D>,<U+30DF><U+30B9><U+30BF><U+30FC>,<U+30C9><U+30FC><U+30CA><U+30C4>,<U+30AE><U+30D5><U+30C8>,<U+30C1><U+30B1><U+30C3><U+30C8>,500,<U+5186>,<U+3092>,<U+62BD><U+305B><U+3093>,<U+3067>,2,000,<U+540D>,<U+3055><U+307E>,<U+306B>,<U+5FDC><U+52DF>,<U+65B9><U+6CD5>,yucho_pay,<U+3092>,
rt,spoiledaalona,leaving,home,getting,back,safely,underrated,blessing,
avocado_plum,<U+3054>,<U+53C2><U+52A0>,<U+3042><U+308A><U+304C><U+3068><U+3046>,<U+3054>,<U+3056>,<U+3044>,<U+307E><U+3059>,<U+7D50><U+679C>,<U+306F>,<U+52D5><U+753B>,<U+3067>,<U+3054>,<U+78BA><U+8A8D>,<U+304F><U+3060>,<U+3055><U+3044>,<U+5F53><U+305F><U+308A>,<U+306E>,<U+65B9>,<U+306B>,<U+306F>,dm,<U+304C>,<U+5C4A>,<U+304D>,<U+307E><U+3059>,<U+3053><U+306E>,<U+30AD><U+30E3><U+30F3><U+30DA><U+30FC><U+30F3>,<U+306F>,2,2,<U+65E5>,23,59,<U+307E><U+3067>,<U+6BCE><U+65E5>,<U+30C1><U+30E3><U+30EC><U+30F3><U+30B8>,<U+3067><U+304D>,<U+307E><U+3059>,https,t.co,z4tkwhdbb3,
rt,kirin_brewery,<U+672C>,<U+9E92><U+9E9F>,2020,<U+5E74>,<U+3082>,<U+8A18><U+9332>,<U+7834><U+308A>,<U+306E>,<U+3046><U+307E><U+3055>,<U+3078>,<U+3082><U+3046>,rt,<U+3057><U+307E>,<U+3057><U+305F>,<U+304B>,<U+672C>,<U+9E92><U+9E9F>,350ml,6,<U+7F36>,<U+304C>,<U+62BD><U+9078>,<U+3067>,<U+5F53><U+305F><U+308B>,<U+672C>,<U+9E92><U+9E9F>,<U+306E>,<U+3046><U+307E><U+3055>,<U+3092>,<U+662F><U+975E>,<U+3084><U+308A><U+65B9>,<U+306F>,<U+7C21><U+5358>,kirin_brewery,<U+3092>,<U+30D5><U+30A9><U+30ED><U+30FC>,<U+3053><U+306E>,<U+30C4><U+30A4><U+30FC><U+30C8>,<U+3092>,rt,<U+672C>,<U+9E92><U+9E9F>,
rt,ochocinco,https,t.co,qefghjuycn,
dances,https,t.co,5t0wpizdqs,
ffs,im,gonna,liberate,north,korea,journo,speak,manager,haircut,whose,pinned,tweet,avocado,https,t.co,zm3xvdw9zo,
just,avocado,mayo,sandwhich,yum,
rt,luulubuu,twitter,may,well,known,network,never,reach,absolute,levels,disaster,tumblr,https,t.co,fg,
rt,rachael_swindon,dear,fellow,remainers,really,must,boycott,new,50p,piece,happen,find,one,change,just,s,
subtanyarl,posisi,kan,pada,abis,foto,per,ekskul,terus,temen,cowo,aku,telat,masuk,kelas,dateng,dateng,bawa,goreng,https,t.co,4wtom7flqw,
rt,avocadomods,doctor,series,12,episode,5,fugitive,judoon,https,t.co,r9fenwizop,https,t.co,dsblqh5rqa,
rt,nuditea,saw,bird,breathing,feebly,sidewalk,amp,mind,racing,place,totally,bizarre,plumage,amp,crept,amp,bega,
rt,melrusso7,damn,could’ve,met,nelly,t,pain,today,trying,professional,pop,room,lol,security,woul,
rt,rachael_swindon,dear,fellow,remainers,really,must,boycott,new,50p,piece,happen,find,one,change,just,s,
rt,shannonsharpe,kobe,please,dream,kobe,can’t,gone,
tried,beyond,meat,plant,based,sausages,first,time,today,love,promise,https,t.co,48fccaweo7,
rt,kieraplease,boyfriend,almost,never,https,t.co,gjkefv3vub,
rt,jayversace,u,ever,see,woman,hoodie,fully,tied,bitch,call,cops,immediately,
avocado,want,honey,live,95,glorious,pleasingly,plump,life,guacamole,https,t.co,srxxwmhsio,
rt,suurelee,avocado,guacamole,
nikado,avocado,childish,whiney,even,funny,jesus,
just,catfish,po,boy,wit,avocado,amp,chipotle,aioli,sooo,gooood,
rt,nuditea,saw,bird,breathing,feebly,sidewalk,amp,mind,racing,place,totally,bizarre,plumage,amp,crept,amp,bega,
see,avocado,sprout,screen,aeroponic,avocado,pinche,grow,fast,like,boost,jet,moto,like,https,t.co,33qm3z1f7v,
1,4,mid,century,avocado,green,w,dark,green,trim,ceramic,divided,plates,fondue,asian,motif,https,t.co,6dwbnjht1v,via,etsy,
rt,rachael_swindon,dear,fellow,remainers,really,must,boycott,new,50p,piece,happen,find,one,change,just,s,
surgegaming16,like,avocado,sandwich,
grandmother,called,stupid,holding,avocado,head,help,
rt,authorkaraj,get,mouth,sores,cinnamon,itchy,ears,itchy,throat,avocado,certain,cooking,oils,make,
rt,daeryjn,fruit,represents,exo,members,suho,apple,current,red,hair,chen,avocado,idk,ppl,say,tho,baekhyun,
join,us,feb,half,term,fun,waterstonesyork,kindly,sponsored,harrowells,entertainment,baby,c,https,t.co,iuusarmypn,
rt,cnn,nba,legend,kobe,bryant,one,five,people,killed,helicopter,crash,calabasas,california,sources,tell,cnn,41,
rt,rachael_swindon,dear,fellow,remainers,really,must,boycott,new,50p,piece,happen,find,one,change,just,s,
rt,hambrew807,melindahoward4,today's,avocado,https,t.co,oioo2ttjkm,
doctor,series,12,episode,5,fugitive,judoon,https,t.co,r9fenwizop,https,t.co,dsblqh5rqa,
middle,school,days,shooting,3,s,pool,basketball,rule,faded,back,called,kobe,no1,allowed,https,t.co,phjxqfjula,
rt,sublimesquirrel,ingredients,homemade,cake,squirrels,avocado,instead,sponge,chopped,almonds,cashew,nuts,wal,
breaking,first,tomato,season,sacrificed,morning,unknown,avocado,ryvita,lovely,
<U+30B3><U+30FC><U+30D2><U+30FC>,<U+8C46>,<U+4E00><U+7C92>,<U+3092>,<U+30DF><U+30EB>,<U+3067>,<U+633D><U+304F>,<U+306E>,<U+304C>,<U+826F>,<U+304B>,<U+3063>,<U+305F>,<U+306A><U+3041><U+30FC>,https,t.co,j9jozasmvz,
willst,du,meine,avocado,sein,
saturnables,fish,peperoni,pizza,cheese,pizza,ramen,noodles,hotdog,kim,chi,fried,rice,tteokbokki,pasta,carbonara,av,https,t.co,3n7exwzgec,
rt,dierenlot,pas,op,dat,uw,huisdier,geen,avocado,binnenkrijgt,zij,kunnen,namelijk,een,avocado,vergiftiging,oplopen,lees,hier,hoe,het,
rt,rachael_swindon,dear,fellow,remainers,really,must,boycott,new,50p,piece,happen,find,one,change,just,s,
furryavocado,worth,wait,avocado,worry,
gna,make,avocado,toast,w,eggs,
avocado_sister_,nuzzled,lap,comfy,comfy,acting,like,lil,puppy,enjoying,thoroughly,https,t.co,99lv56nis1,
avocado_si,country,
rt,rachael_swindon,dear,fellow,remainers,really,must,boycott,new,50p,piece,happen,find,one,change,just,s,
can’t,stop,crying,like,gotta,take,away,another,favorite,legend,us,rip,kobe,
rt,sublimesquirrel,ingredients,homemade,cake,squirrels,avocado,instead,sponge,chopped,almonds,cashew,nuts,wal,
rt,sublimesquirrel,ingredients,homemade,cake,squirrels,avocado,instead,sponge,chopped,almonds,cashew,nuts,wal,
really,likes,mango,avocado,
one,avocado,two,avocado,three,avocado,besitofresh,https,t.co,wa0vck4grf,https,t.co,bqglxdona7,
two,prepared,saturated,orange,amp,rosemary,avocado,oil,seasoning,just,bourbon,brown,sugar,
peyote,bracelet,pattern,avocado,two,drop,even,count,seed,bead,beadwork,tutorial,https,t.co,vintavvvsv,avocado,https,t.co,eifzmq5nuy,
kathi_avocado,t_t,
know,looks,like,i’m,wearing,thing,pics,that’s,cause,
rt,apraider,mf,spend,15,avocado,toast,https,t.co,1tdexfrkvz,
rt,tylerthecreator,fucking,hate,small,talk,just,stop,please,okay,sit,silence,fuckkk,dont,care,ur,kids,bro,
nimsajg,avocado,tikka,ln,godly,
rt,baekhobass,thinking,jonghyun,cutting,avocado,half,including,pit,seed,https,t.co,zmz0skro15,
melindahoward4,today's,avocado,https,t.co,oioo2ttjkm,
wanna,avocado,joel,eat,itsjoelpimentel,https,t.co,dbnloza8ge,
high,note,https,t.co,glwkc7liaj,
rt,lilipoot_j2,just,know,share,genes,avocado,cephalopod,jelly,beans,
<U+BC94><U+C778><U+C740>,<U+BC14><U+B85C>,<U+B2F9><U+C2E0>,<U+C544><U+BCF4><U+CE74><U+B3C4>,<U+C528>,<U+C785><U+B2C8><U+B2E4>,
koninginsennie,het,leven,ook,niet,zo,moeilijk,je,hebt,een,advocaat,en,een,avocado,
rt,shimmyrunner,melindahoward4,today’s,avocado,https,t.co,prgh4awesr,
1garethwynjones,support,farmers,worldwide,even,almond,avocado,farmers,lot,argument,bri,https,t.co,jrukqfxb0d,
awesome,promotion,long,live,avocado,https,t.co,tthktj3ed4,
rt,sublimesquirrel,ingredients,homemade,cake,squirrels,avocado,instead,sponge,chopped,almonds,cashew,nuts,wal,
rt,sunniandthecity,vanessa,kobe,since,17,yrs,old,lose,love,life,child,just,unimaginable,pa,
canalaquimera,virou,avocado,mesmo,amo,
rt,sublimesquirrel,ingredients,homemade,cake,squirrels,avocado,instead,sponge,chopped,almonds,cashew,nuts,wal,
rt,bewarmers,good,time,enjoy,life,life,short,get,bogged,discouraged,kobe,bryant,words,live,
amazfit,sofitfia,eat,boring,meals,everyday,breakfast,oatmeal,lunch,2,3,pieces,fruit,sandw,https,t.co,3u3mrcty2x,
<U+304A><U+306F><U+3088><U+3046>,<U+3054>,<U+3056>,<U+3044>,<U+307E><U+3059>,make,sandwich,start,happy,day,open,fridge,grab,two,pieces,toasts,take,turke,https,t.co,roewxslwfq,
5pm,meal,4,4,oz,grilled,chicken,4,oz,broccoli,hass,avocado,put,garlic,lime,salt,mari,https,t.co,wdhe1qlyez,
rt,sheabooskyy,month,ago,newport,beach,kobe,witnessed,major,accident,stayed,comfort,victims,redirect,traffic,help,
ingredients,homemade,cake,squirrels,avocado,instead,sponge,chopped,almonds,cashew,nuts,https,t.co,p1umtuuomu,
smrz__,co,la,cuestión,es,meterse,beef,parece,ser,
